,链接
0,https://bj.ke.com/ershoufang/andingmen/
1,https://bj.ke.com/ershoufang/anzhen1/
2,https://bj.ke.com/ershoufang/chaoyangmennei1/
3,https://bj.ke.com/ershoufang/chaoyangmenwai1/
4,https://bj.ke.com/ershoufang/chongwenmen/
5,https://bj.ke.com/ershoufang/dengshikou/
6,https://bj.ke.com/ershoufang/dianmen/
7,https://bj.ke.com/ershoufang/dongdan/
8,https://bj.ke.com/ershoufang/donghuashi/
9,https://bj.ke.com/ershoufang/dongsi1/
10,https://bj.ke.com/ershoufang/dongzhimen/
11,https://bj.ke.com/ershoufang/gongti/
12,https://bj.ke.com/ershoufang/guangqumen/
13,https://bj.ke.com/ershoufang/hepingli/
14,https://bj.ke.com/ershoufang/jianguomennei/
15,https://bj.ke.com/ershoufang/jianguomenwai/
16,https://bj.ke.com/ershoufang/jiaodaokou/
17,https://bj.ke.com/ershoufang/jinbaojie/
18,https://bj.ke.com/ershoufang/liupukang/
19,https://bj.ke.com/ershoufang/puhuangyu/
20,https://bj.ke.com/ershoufang/qianmen/
21,https://bj.ke.com/ershoufang/taoranting1/
22,https://bj.ke.com/ershoufang/tiantan/
23,https://bj.ke.com/ershoufang/xidan/
24,https://bj.ke.com/ershoufang/xiluoyuan/
25,https://bj.ke.com/ershoufang/yangqiao1/
26,https://bj.ke.com/ershoufang/yongdingmen/
27,https://bj.ke.com/ershoufang/zuoanmen1/
28,https://bj.ke.com/ershoufang/baizhifang1/
29,https://bj.ke.com/ershoufang/caihuying/
30,https://bj.ke.com/ershoufang/changchunjie/
31,https://bj.ke.com/ershoufang/chegongzhuang1/
32,https://bj.ke.com/ershoufang/deshengmen/
33,https://bj.ke.com/ershoufang/dianmen/
34,https://bj.ke.com/ershoufang/fuchengmen/
35,https://bj.ke.com/ershoufang/guanganmen/
36,https://bj.ke.com/ershoufang/guanyuan/
37,https://bj.ke.com/ershoufang/jinrongjie/
38,https://bj.ke.com/ershoufang/liupukang/
39,https://bj.ke.com/ershoufang/madian1/
40,https://bj.ke.com/ershoufang/maliandao1/
41,https://bj.ke.com/ershoufang/muxidi1/
42,https://bj.ke.com/ershoufang/niujie/
43,https://bj.ke.com/ershoufang/taipingqiao1/
44,https://bj.ke.com/ershoufang/taoranting1/
45,https://bj.ke.com/ershoufang/tianningsi1/
46,https://bj.ke.com/ershoufang/xidan/
47,https://bj.ke.com/ershoufang/xinjiekou2/
48,https://bj.ke.com/ershoufang/xisi1/
49,https://bj.ke.com/ershoufang/xizhimen1/
50,https://bj.ke.com/ershoufang/xuanwumen12/
51,https://bj.ke.com/ershoufang/youanmennei11/
52,https://bj.ke.com/ershoufang/yuetan/
53,https://bj.ke.com/ershoufang/andingmen/
54,https://bj.ke.com/ershoufang/anzhen1/
55,https://bj.ke.com/ershoufang/aolinpikegongyuan11/
56,https://bj.ke.com/ershoufang/baiziwan/
57,https://bj.ke.com/ershoufang/beigongda/
58,https://bj.ke.com/ershoufang/beiyuan2/
59,https://bj.ke.com/ershoufang/cbd/
60,https://bj.ke.com/ershoufang/changying/
61,https://bj.ke.com/ershoufang/chaoqing/
62,https://bj.ke.com/ershoufang/chaoyanggongyuan/
63,https://bj.ke.com/ershoufang/chaoyangmenwai1/
64,https://bj.ke.com/ershoufang/chengshousi1/
65,https://bj.ke.com/ershoufang/dashanzi/
66,https://bj.ke.com/ershoufang/dawanglu/
67,https://bj.ke.com/ershoufang/dingfuzhuang/
68,https://bj.ke.com/ershoufang/dongba/
69,https://bj.ke.com/ershoufang/dongdaqiao/
70,https://bj.ke.com/ershoufang/dongzhimen/
71,https://bj.ke.com/ershoufang/dougezhuang/
72,https://bj.ke.com/ershoufang/fangzhuang1/
73,https://bj.ke.com/ershoufang/fatou/
74,https://bj.ke.com/ershoufang/ganluyuan/
75,https://bj.ke.com/ershoufang/gaobeidian/
76,https://bj.ke.com/ershoufang/gongti/
77,https://bj.ke.com/ershoufang/guangqumen/
78,https://bj.ke.com/ershoufang/guanzhuang/
79,https://bj.ke.com/ershoufang/guozhan1/
80,https://bj.ke.com/ershoufang/hepingli/
81,https://bj.ke.com/ershoufang/hongmiao/
82,https://bj.ke.com/ershoufang/huanlegu/
83,https://bj.ke.com/ershoufang/huaweiqiao/
84,https://bj.ke.com/ershoufang/huixinxijie/
85,https://bj.ke.com/ershoufang/jianguomenwai/
86,https://bj.ke.com/ershoufang/jianxiangqiao1/
87,https://bj.ke.com/ershoufang/jinsong/
88,https://bj.ke.com/ershoufang/jiuxianqiao/
89,https://bj.ke.com/ershoufang/liangmaqiao/
90,https://bj.ke.com/ershoufang/lishuiqiao1/
91,https://bj.ke.com/ershoufang/madian1/
92,https://bj.ke.com/ershoufang/mudanyuan/
93,https://bj.ke.com/ershoufang/nanshatan1/
94,https://bj.ke.com/ershoufang/nongzhanguan/
95,https://bj.ke.com/ershoufang/panjiayuan1/
96,https://bj.ke.com/ershoufang/sanlitun/
97,https://bj.ke.com/ershoufang/sanyuanqiao/
98,https://bj.ke.com/ershoufang/shaoyaoju/
99,https://bj.ke.com/ershoufang/shibalidian1/
100,https://bj.ke.com/ershoufang/shifoying/
101,https://bj.ke.com/ershoufang/shilibao/
102,https://bj.ke.com/ershoufang/shilihe/
103,https://bj.ke.com/ershoufang/shoudoujichang1/
104,https://bj.ke.com/ershoufang/shuangjing/
105,https://bj.ke.com/ershoufang/shuangqiao/
106,https://bj.ke.com/ershoufang/sihui/
107,https://bj.ke.com/ershoufang/songjiazhuang/
108,https://bj.ke.com/ershoufang/taiyanggong/
109,https://bj.ke.com/ershoufang/tianshuiyuan/
110,https://bj.ke.com/ershoufang/tongzhoubeiyuan/
111,https://bj.ke.com/ershoufang/tuanjiehu/
112,https://bj.ke.com/ershoufang/wangjing/
113,https://bj.ke.com/ershoufang/xibahe/
114,https://bj.ke.com/ershoufang/yansha1/
115,https://bj.ke.com/ershoufang/yayuncun/
116,https://bj.ke.com/ershoufang/yayuncunxiaoying/
117,https://bj.ke.com/ershoufang/zhaoyangqita/
118,https://bj.ke.com/ershoufang/zhongyangbieshuqu1/
119,https://bj.ke.com/ershoufang/anningzhuang1/
120,https://bj.ke.com/ershoufang/aolinpikegongyuan11/
121,https://bj.ke.com/ershoufang/baishiqiao1/
122,https://bj.ke.com/ershoufang/beitaipingzhuang/
123,https://bj.ke.com/ershoufang/changpingqita1/
124,https://bj.ke.com/ershoufang/changwa/
125,https://bj.ke.com/ershoufang/dinghuisi/
126,https://bj.ke.com/ershoufang/erlizhuang/
127,https://bj.ke.com/ershoufang/ganjiakou/
128,https://bj.ke.com/ershoufang/gongzhufen/
129,https://bj.ke.com/ershoufang/haidianbeibuxinqu1/
130,https://bj.ke.com/ershoufang/haidianqita1/
131,https://bj.ke.com/ershoufang/junbo1/
132,https://bj.ke.com/ershoufang/liuliqiao1/
133,https://bj.ke.com/ershoufang/madian1/
134,https://bj.ke.com/ershoufang/malianwa/
135,https://bj.ke.com/ershoufang/mudanyuan/
136,https://bj.ke.com/ershoufang/qinghe11/
137,https://bj.ke.com/ershoufang/shangdi1/
138,https://bj.ke.com/ershoufang/shijicheng/
139,https://bj.ke.com/ershoufang/shuangyushu/
140,https://bj.ke.com/ershoufang/sijiqing/
141,https://bj.ke.com/ershoufang/suzhouqiao/
142,https://bj.ke.com/ershoufang/tiancun1/
143,https://bj.ke.com/ershoufang/wanliu/
144,https://bj.ke.com/ershoufang/wanshoulu1/
145,https://bj.ke.com/ershoufang/weigongcun/
146,https://bj.ke.com/ershoufang/wudaokou/
147,https://bj.ke.com/ershoufang/wukesong1/
148,https://bj.ke.com/ershoufang/xiaoxitian1/
149,https://bj.ke.com/ershoufang/xibeiwang/
150,https://bj.ke.com/ershoufang/xierqi1/
151,https://bj.ke.com/ershoufang/xinjiekou2/
152,https://bj.ke.com/ershoufang/xisanqi1/
153,https://bj.ke.com/ershoufang/xishan21/
154,https://bj.ke.com/ershoufang/xizhimen1/
155,https://bj.ke.com/ershoufang/xueyuanlu1/
156,https://bj.ke.com/ershoufang/yiheyuan/
157,https://bj.ke.com/ershoufang/yuanmingyuan/
158,https://bj.ke.com/ershoufang/yuquanlu11/
159,https://bj.ke.com/ershoufang/zaojunmiao/
160,https://bj.ke.com/ershoufang/zhichunlu/
161,https://bj.ke.com/ershoufang/zhongguancun/
162,https://bj.ke.com/ershoufang/zizhuqiao/
163,https://bj.ke.com/ershoufang/beidadi/
164,https://bj.ke.com/ershoufang/beijingnanzhan1/
165,https://bj.ke.com/ershoufang/caihuying/
166,https://bj.ke.com/ershoufang/caoqiao/
167,https://bj.ke.com/ershoufang/chengshousi1/
168,https://bj.ke.com/ershoufang/dahongmen/
169,https://bj.ke.com/ershoufang/fangzhuang1/
170,https://bj.ke.com/ershoufang/fengtaiqita1/
171,https://bj.ke.com/ershoufang/guanganmen/
172,https://bj.ke.com/ershoufang/heyi/
173,https://bj.ke.com/ershoufang/huaxiang/
174,https://bj.ke.com/ershoufang/jiaomen/
175,https://bj.ke.com/ershoufang/jiugong1/
176,https://bj.ke.com/ershoufang/kandanqiao/
177,https://bj.ke.com/ershoufang/kejiyuanqu/
178,https://bj.ke.com/ershoufang/liujiayao/
179,https://bj.ke.com/ershoufang/liuliqiao1/
180,https://bj.ke.com/ershoufang/lize/
181,https://bj.ke.com/ershoufang/lugouqiao1/
182,https://bj.ke.com/ershoufang/majiabao/
183,https://bj.ke.com/ershoufang/maliandao1/
184,https://bj.ke.com/ershoufang/muxiyuan1/
185,https://bj.ke.com/ershoufang/puhuangyu/
186,https://bj.ke.com/ershoufang/qilizhuang/
187,https://bj.ke.com/ershoufang/qingta1/
188,https://bj.ke.com/ershoufang/shilihe/
189,https://bj.ke.com/ershoufang/songjiazhuang/
190,https://bj.ke.com/ershoufang/taipingqiao1/
191,https://bj.ke.com/ershoufang/taoranting1/
192,https://bj.ke.com/ershoufang/wanyuan1/
193,https://bj.ke.com/ershoufang/wukesong1/
194,https://bj.ke.com/ershoufang/wulidian/
195,https://bj.ke.com/ershoufang/xihongmen/
196,https://bj.ke.com/ershoufang/xiluoyuan/
197,https://bj.ke.com/ershoufang/xingong/
198,https://bj.ke.com/ershoufang/yangqiao1/
199,https://bj.ke.com/ershoufang/yongdingmen/
200,https://bj.ke.com/ershoufang/youanmenwai/
201,https://bj.ke.com/ershoufang/yuegezhuang/
202,https://bj.ke.com/ershoufang/yuquanying/
203,https://bj.ke.com/ershoufang/zhaogongkou/
204,https://bj.ke.com/ershoufang/bajiao1/
205,https://bj.ke.com/ershoufang/chengzi/
206,https://bj.ke.com/ershoufang/gucheng/
207,https://bj.ke.com/ershoufang/laoshan1/
208,https://bj.ke.com/ershoufang/lugu1/
209,https://bj.ke.com/ershoufang/pingguoyuan1/
210,https://bj.ke.com/ershoufang/shijingshanqita1/
211,https://bj.ke.com/ershoufang/yangzhuang1/
212,https://bj.ke.com/ershoufang/yuquanlu11/
213,https://bj.ke.com/ershoufang/beiguan/
214,https://bj.ke.com/ershoufang/daxingxinjichangyangfangbieshuqu/
215,https://bj.ke.com/ershoufang/guoyuan1/
216,https://bj.ke.com/ershoufang/jiukeshu12/
217,https://bj.ke.com/ershoufang/linheli/
218,https://bj.ke.com/ershoufang/liyuan/
219,https://bj.ke.com/ershoufang/luyuan/
220,https://bj.ke.com/ershoufang/majuqiao1/
221,https://bj.ke.com/ershoufang/qiaozhuang/
222,https://bj.ke.com/ershoufang/shoudoujichang1/
223,https://bj.ke.com/ershoufang/tongzhoubeiyuan/
224,https://bj.ke.com/ershoufang/tongzhouqita11/
225,https://bj.ke.com/ershoufang/wanda14/
226,https://bj.ke.com/ershoufang/wuyihuayuan/
227,https://bj.ke.com/ershoufang/yizhuang1/
228,https://bj.ke.com/ershoufang/yuqiao/
229,https://bj.ke.com/ershoufang/aolinpikegongyuan11/
230,https://bj.ke.com/ershoufang/baishanzhen/
231,https://bj.ke.com/ershoufang/beiqijia/
232,https://bj.ke.com/ershoufang/changpingqita1/
233,https://bj.ke.com/ershoufang/dongguan/
234,https://bj.ke.com/ershoufang/guloudajie/
235,https://bj.ke.com/ershoufang/huilongguan2/
236,https://bj.ke.com/ershoufang/huoying/
237,https://bj.ke.com/ershoufang/lishuiqiao1/
238,https://bj.ke.com/ershoufang/nankou/
239,https://bj.ke.com/ershoufang/nanshao/
240,https://bj.ke.com/ershoufang/shahe2/
241,https://bj.ke.com/ershoufang/tiantongyuan1/
242,https://bj.ke.com/ershoufang/xiaotangshan1/
243,https://bj.ke.com/ershoufang/xiguanhuandao/
244,https://bj.ke.com/ershoufang/xisanqi1/
245,https://bj.ke.com/ershoufang/daxingqita11/
246,https://bj.ke.com/ershoufang/daxingxinjichang/
247,https://bj.ke.com/ershoufang/daxingxinjichangyangfangbieshuqu/
248,https://bj.ke.com/ershoufang/gaomidian/
249,https://bj.ke.com/ershoufang/guanyinsi/
250,https://bj.ke.com/ershoufang/heyi/
251,https://bj.ke.com/ershoufang/huangcunhuochezhan/
252,https://bj.ke.com/ershoufang/huangcunzhong/
253,https://bj.ke.com/ershoufang/jiugong1/
254,https://bj.ke.com/ershoufang/kejiyuanqu/
255,https://bj.ke.com/ershoufang/majuqiao1/
256,https://bj.ke.com/ershoufang/nanzhongzhoujichangshangwuqu/
257,https://bj.ke.com/ershoufang/tiangongyuan/
258,https://bj.ke.com/ershoufang/tiangongyuannan/
259,https://bj.ke.com/ershoufang/tongzhouqita11/
260,https://bj.ke.com/ershoufang/wanyuan1/
261,https://bj.ke.com/ershoufang/xihongmen/
262,https://bj.ke.com/ershoufang/yihezhuang/
263,https://bj.ke.com/ershoufang/yinghai/
264,https://bj.ke.com/ershoufang/yizhuang1/
265,https://bj.ke.com/ershoufang/yizhuangkaifaquqita1/
266,https://bj.ke.com/ershoufang/zaoyuan/
267,https://bj.ke.com/ershoufang/daxingqita11/
268,https://bj.ke.com/ershoufang/majuqiao1/
269,https://bj.ke.com/ershoufang/tongzhouqita11/
270,https://bj.ke.com/ershoufang/yizhuang1/
271,https://bj.ke.com/ershoufang/yizhuangkaifaquqita1/
272,https://bj.ke.com/ershoufang/houshayu1/
273,https://bj.ke.com/ershoufang/liqiao1/
274,https://bj.ke.com/ershoufang/mapo/
275,https://bj.ke.com/ershoufang/shoudoujichang1/
276,https://bj.ke.com/ershoufang/shunyicheng/
277,https://bj.ke.com/ershoufang/shunyiqita1/
278,https://bj.ke.com/ershoufang/tianzhu1/
279,https://bj.ke.com/ershoufang/yangzhen/
280,https://bj.ke.com/ershoufang/zhongyangbieshuqu1/
281,https://bj.ke.com/ershoufang/changyang1/
282,https://bj.ke.com/ershoufang/chengguan/
283,https://bj.ke.com/ershoufang/doudian/
284,https://bj.ke.com/ershoufang/fangshanqita/
285,https://bj.ke.com/ershoufang/hancunhe1/
286,https://bj.ke.com/ershoufang/liangxiang/
287,https://bj.ke.com/ershoufang/liulihe/
288,https://bj.ke.com/ershoufang/yancun/
289,https://bj.ke.com/ershoufang/yanshan/
290,https://bj.ke.com/ershoufang/binhexiqu1/
291,https://bj.ke.com/ershoufang/chengzi/
292,https://bj.ke.com/ershoufang/dayu/
293,https://bj.ke.com/ershoufang/fengcun/
294,https://bj.ke.com/ershoufang/mentougouqita1/
295,https://bj.ke.com/ershoufang/shanganditie/
296,https://bj.ke.com/ershoufang/shimenying/
297,https://bj.ke.com/ershoufang/pingguqita1/
298,https://bj.ke.com/ershoufang/huairouchengqu1/
299,https://bj.ke.com/ershoufang/huairouqita1/
300,https://bj.ke.com/ershoufang/beizhuangzhen/
301,https://bj.ke.com/ershoufang/bulaotunzhen/
302,https://bj.ke.com/ershoufang/daichengzizhen/
303,https://bj.ke.com/ershoufang/dongshaoquzhen/
304,https://bj.ke.com/ershoufang/fengjiayuzhen/
305,https://bj.ke.com/ershoufang/gaolingzhen/
306,https://bj.ke.com/ershoufang/gubeikouzhen/
307,https://bj.ke.com/ershoufang/guloujiedao/
308,https://bj.ke.com/ershoufang/guoyuanjiedao/
309,https://bj.ke.com/ershoufang/henanzhaizhen/
310,https://bj.ke.com/ershoufang/jugezhuangzhen/
311,https://bj.ke.com/ershoufang/miyunqita11/
312,https://bj.ke.com/ershoufang/miyunzhen/
313,https://bj.ke.com/ershoufang/mujiayuzhen/
314,https://bj.ke.com/ershoufang/shichengzhen/
315,https://bj.ke.com/ershoufang/shilipuzhen/
316,https://bj.ke.com/ershoufang/taishitunzhen/
317,https://bj.ke.com/ershoufang/tanying/
318,https://bj.ke.com/ershoufang/xinchengzizhen/
319,https://bj.ke.com/ershoufang/xitiangezhuangzhen/
320,https://bj.ke.com/ershoufang/xiwengzhuangzhen/
321,https://bj.ke.com/ershoufang/yanqingqita1/
